Workbook

Sheet Sheet1
A1: Comuna | B1: cod | C1: 2005 | D1: 2006 | E1: 2007 | F1: 2008 | G1: 2009 | H1: 2010 | I1: 2011 | J1: 2012 | K1: 2013 | L1: 2014 | M1: 2015 | N1: 2016 | O1: 2017 | P1: 2018 | Q1: 2019 | R1: 2020 | S1: 2021 | T1: 2022 | U1: 2023
A2: Algarrobo | B2: =+VLOOKUP(A2,cod!$A$2:$B$349,2,0) -> 5602 | C2: 0 | D2: 9.472388 | E2: 9.1575092 | F2: 0 | G2: 0 | H2: 16.681958 | I2: 0 | J2: 0 | K2: 0 | L2: 0 | M2: 0 | N2: 0 | O2: 0 | P2: 13.752321 | Q2: 6.7281168 | R2: 0 | S2: 6.4783623 | T2: 0 | U2: 6.2948508
A3: Alhué | B3: =+VLOOKUP(A3,cod!$A$2:$B$349,2,0) -> 13502 | C3: 19.692792 | D3: 0 | E3: 0 | F3: 0 | G3: 0 | H3: 0 | I3: 0 | J3: 0 | K3: 0 | L3: 0 | M3: 15.260186 | N3: 14.952153 | O3: 0 | P3: 0 | Q3: 0 | R3: 0 | S3: 0 | T3: 0 | U3: 0
A4: Alto Biobío | B4: =+VLOOKUP(A4,cod!$A$2:$B$349,2,0) -> 8314 | C4: 0 | D4: 0 | E4: 30.660739 | F4: 0 | G4: 0 | H4: 0 | I4: 0 | J4: 0 | K4: 0 | L4: 0 | M4: 14.965579 | N4: 0 | O4: 0 | P4: 0 | Q4: 0 | R4: 14.760148 | S4: 0 | T4: 0 | U4: 0
A5: Alto del Carmen | B5: =+VLOOKUP(A5,cod!$A$2:$B$349,2,0) -> 3302 | C5: 0 | D5: 0 | E5: 0 | F5: 0 | G5: 0 | H5: 0 | I5: 18.74063 | J5: 0 | K5: 0 | L5: 0 | M5: 0 | N5: 0 | O5: 0 | P5: 0 | Q5: 0 | R5: 0 | S5: 0 | T5: 0 | U5: 0
A6: Alto Hospicio | B6: =+VLOOKUP(A6,cod!$A$2:$B$349,2,0) -> 1107 | C6: 1.3136116 | D6: 1.2511886 | E6: 2.4065941 | F6: 1.1622231 | G6: 3.3754515 | H6: 5.4552993 | I6: 4.2275701 | J6: 3.0720708 | K6: 3.9774874 | L6: 4.8252302 | M6: 4.6862991 | N6: 0.91131119 | O6: 2.6525668 | P6: 3.3789777 | Q6: 5.6383407 | R6: 5.3846568 | S6: 12.678525 | T6: 12.384984 | U6: 11.405597
A7: Ancud | B7: =+VLOOKUP(A7,cod!$A$2:$B$349,2,0) -> 10202 | C7: 2.4149923 | D7: 7.2362391 | E7: 7.2276965 | F7: 2.4034995 | G7: 7.1894172 | H7: 0 | I7: 4.769627 | J7: 2.3802723 | K7: 2.3781213 | L7: 2.3760306 | M7: 0 | N7: 0 | O7: 2.3679288 | P7: 0 | Q7: 0 | R7: 2.3552687 | S7: 0 | T7: 2.3525537 | U7: 0
A8: Andacollo | B8: =+VLOOKUP(A8,cod!$A$2:$B$349,2,0) -> 4103 | C8: 0 | D8: 0 | E8: 0 | F8: 8.8300221 | G8: 17.636684 | H8: 0 | I8: 8.7796313 | J8: 8.7535014 | K8: 0 | L8: 8.7009484 | M8: 0 | N8: 0 | O8: 0 | P8: 0 | Q8: 0 | R8: 0 | S8: 0 | T8: 16.909029 | U8: 0
A9: Angol | B9: =+VLOOKUP(A9,cod!$A$2:$B$349,2,0) -> 9201 | C9: 7.789527 | D9: 9.6869188 | E9: 3.8528964 | F9: 3.8296569 | G9: 3.804596 | H9: 0 | I9: 0 | J9: 0 | K9: 0 | L9: 3.6905816 | M9: 1.8341893 | N9: 3.6478377 | O9: 1.8135655 | P9: 3.606788 | Q9: 3.5867362 | R9: 3.5677334 | S9: 1.776546 | T9: 5.3119909 | U9: 1.765412
A10: Antofagasta | B10: =+VLOOKUP(A10,cod!$A$2:$B$349,2,0) -> 2101 | C10: 2.2215381 | D10: 0.93766409 | E10: 1.5383953 | F10: 2.4221359 | G10: 3.577103 | H10: 4.6971374 | I10: 2.6013591 | J10: 1.7082629 | K10: 0.56032925 | L10: 1.9272756 | M10: 4.6066965 | N10: 3.4677579 | O10: 3.9304571 | P10: 2.0233341 | Q10: 3.6530303 | R10: 5.8723354 | S10: 1.844542 | T10: 3.1972011 | U10: 4.7596275
A11: Antuco | B11: =+VLOOKUP(A11,cod!$A$2:$B$349,2,0) -> 8302 | C11: 0 | D11: 0 | E11: 0 | F11: 0 | G11: 0 | H11: 0 | I11: 0 | J11: 0 | K11: 23.736055 | L11: 0 | M11: 0 | N11: 0 | O11: 0 | P11: 0 | Q11: 0 | R11: 0 | S11: 0 | T11: 0 | U11: 0
A12: Arauco | B12: =+VLOOKUP(A12,cod!$A$2:$B$349,2,0) -> 8202 | C12: 0 | D12: 2.7231632 | E12: 2.7139988 | F12: 5.4087676 | G12: 8.0812434 | H12: 2.6824754 | I12: 5.3407392 | J12: 0 | K12: 2.6506918 | L12: 0 | M12: 2.6313712 | N12: 2.6216443 | O12: 0 | P12: 2.603692 | Q12: 2.5943702 | R12: 0 | S12: 5.1587609 | T12: 5.1501262 | U12: 10.28542
A13: Arica | B13: =+VLOOKUP(A13,cod!$A$2:$B$349,2,0) -> 15101 | C13: 2.0252447 | D13: 3.0020865 | E13: 1.9776036 | F13: 1.9508008 | G13: 1.4427169 | H13: 1.4221851 | I13: 3.7314129 | J13: 2.2948412 | K13: 1.3594098 | L13: 0.89447438 | M13: 5.2957453 | N13: 2.6142993 | O13: 3.4389669 | P13: 5.0545044 | Q13: 5.3606037 | R13: 3.2316443 | S13: 6.3797125 | T13: 7.9012346 | U13: 6.2697153
... A328: Zapallar | B328: =+VLOOKUP(A328,cod!$A$2:$B$349,2,0) -> 5405 | C328: 0 | D328: 0 | E328: 0 | F328: 0 | G328: 0 | H328: 0 | I328: 0 | J328: 0 | K328: 0 | L328: 0 | M328: 0 | N328: 0 | O328: 0 | P328: 0 | Q328: 0 | R328: 0 | S328: 0 | T328: 0 | U328: 12.075836
A329: País | C329: 3.50975 | D329: 3.5906775 | E329: 3.4750111 | F329: 3.335778 | G329: 3.5187326 | H329: 2.8539738 | I329: 3.1470673 | J329: 2.7689411 | K329: 2.7311076 | L329: 3.0301979 | M329: 2.926869 | N329: 2.7246986 | O329: 3.4637784 | P329: 3.4877387 | Q329: 3.6216684 | R329: 4.5687421 | S329: 3.5317978 | T329: 4.7103766 | U329: 4.7542973

Sheet cod
A1: Comuna | B1: @comuna_id
A2: Sin información | B2: 99
A3: Iquique | B3: 1101
A4: Alto Hospicio | B4: 1107
A5: Pozo Almonte | B5: 1401
A6: Camiña | B6: 1402
A7: Colchane | B7: 1403
A8: Huara | B8: 1404
A9: Pica | B9: 1405
A10: Antofagasta | B10: 2101
A11: Mejillones | B11: 2102
A12: Sierra Gorda | B12: 2103
A13: Taltal | B13: 2104
... A349: No Especifica | B349: 99999
